일자,0-9세,10-19세,20-29세,30-39세,40-49세,50-59세,60-69세,70-79세,80세이상,남성(명),여성(명),계(명),사망(명),추정사망(명)
2020-01-20,0,0,0,1,0,0,0,0,0,0,1,1,0,0
2020-01-21,0,0,0,0,0,0,0,0,0,0,0,0,0,0
2020-01-22,0,0,0,0,0,0,0,0,0,0,0,0,0,0
2020-01-23,0,0,0,0,0,0,0,0,0,0,0,0,0,0
2020-01-24,0,0,0,0,0,1,0,0,0,1,0,1,0,0
2020-01-25,0,0,0,0,0,0,0,0,0,0,0,0,0,0
2020-01-26,0,0,0,0,0,1,0,0,0,1,0,1,0,0
2020-01-27,0,0,0,0,0,1,0,0,0,1,0,1,0,0
2020-01-28,0,0,0,0,0,0,0,0,0,0,0,0,0,0
2020-01-29,0,0,0,0,0,0,0,0,0,0,0,0,0,0
2020-01-30,0,0,1,1,0,1,0,0,0,3,0,3,0,0
2020-01-31,0,0,2,0,0,1,1,0,0,1,3,4,0,0
2020-02-01,0,0,0,0,1,0,0,0,0,1,0,1,0,0
2020-02-02,0,0,1,0,2,0,0,0,0,2,1,3,0,0
2020-02-03,0,0,0,0,0,0,0,0,0,0,0,0,0,0
2020-02-04,0,0,0,0,1,0,0,0,0,0,1,1,0,0
2020-02-05,0,0,1,2,1,1,0,0,0,2,3,5,0,0
2020-02-06,0,0,1,0,1,1,0,0,0,2,1,3,0,0
2020-02-07,0,0,0,0,0,0,0,0,0,0,0,0,0,0
2020-02-08,0,0,0,0,0,0,0,0,0,0,0,0,0,0
2020-02-09,0,0,0,1,0,1,0,1,0,1,2,3,0,0
2020-02-10,0,0,0,1,0,0,0,0,0,0,1,1,0,0
2020-02-11,0,0,0,0,0,0,0,0,0,0,0,0,0,0
2020-02-12,0,0,0,0,0,0,0,0,0,0,0,0,0,0
2020-02-13,0,0,0,0,0,0,0,0,0,0,0,0,0,0
2020-02-14,0,0,0,0,0,0,0,0,0,0,0,0,0,0
2020-02-15,0,0,0,0,0,0,0,0,0,0,0,0,0,0
2020-02-16,0,0,0,0,0,0,1,0,1,1,1,2,0,0
2020-02-17,0,0,0,0,0,0,0,0,0,0,0,0,0,0
2020-02-18,0,1,0,0,0,0,1,0,0,0,2,2,0,0
2020-02-19,0,0,8,3,4,11,4,4,0,13,21,34,0,0
2020-02-20,0,1,4,3,2,4,2,0,0,5,11,16,1,0
2020-02-21,0,1,16,7,17,16,10,6,1,34,40,74,0,0
2020-02-22,0,5,24,19,28,59,47,7,1,95,95,190,2,0
2020-02-23,1,4,53,21,37,51,30,10,3,69,141,210,0,0
2020-02-24,1,6,46,34,32,49,28,9,2,69,138,207,4,0
2020-02-25,0,6,38,19,20,26,17,3,1,43,87,130,1,0
2020-02-26,1,7,78,32,32,43,43,12,5,94,159,253,3,0
2020-02-27,6,20,167,49,59,80,42,21,5,176,273,449,1,0
2020-02-28,4,24,114,59,66,87,44,19,10,156,271,427,1,0
2020-02-29,6,24,302,108,134,149,120,41,25,324,585,909,3,0
2020-03-01,7,42,200,66,81,103,63,24,9,236,359,595,1,0
2020-03-02,5,29,181,82,113,146,82,33,15,262,424,686,6,0
2020-03-03,3,37,179,73,81,118,65,32,12,219,381,600,5,0
2020-03-04,0,29,158,53,79,100,47,35,15,186,330,516,4,0
2020-03-05,4,25,154,27,54,74,53,30,17,153,285,438,3,0
2020-03-06,7,35,148,33,43,89,65,54,44,197,321,518,7,0
2020-03-07,7,34,154,33,54,70,65,43,23,176,307,483,2,0
2020-03-08,6,33,103,32,34,64,48,26,21,172,195,367,6,0
2020-03-09,8,18,60,18,30,42,38,29,5,103,145,248,1,1
2020-03-10,1,12,21,11,25,26,13,16,6,53,78,131,3,0
2020-03-11,8,12,25,15,52,56,31,29,14,95,147,242,6,1
2020-03-12,1,7,21,8,18,25,12,14,8,47,67,114,6,0
2020-03-13,1,9,13,12,16,28,13,9,9,50,60,110,1,0
2020-03-14,4,3,15,10,16,27,15,9,8,57,50,107,5,0
2020-03-15,2,3,12,9,9,17,12,10,2,35,41,76,3,0
2020-03-16,2,5,13,7,6,17,12,5,7,33,41,74,0,0
2020-03-17,1,4,17,7,17,16,10,8,4,31,53,84,6,0
2020-03-18,1,2,12,17,7,14,25,3,12,40,53,93,3,0
2020-03-19,5,5,16,13,10,27,21,20,35,57,95,152,7,0
2020-03-20,6,8,7,7,12,14,19,6,8,33,54,87,3,0
2020-03-21,1,6,15,7,10,16,19,21,52,57,90,147,8,0
2020-03-22,2,3,16,9,19,19,13,6,11,43,55,98,2,0
2020-03-23,2,0,21,8,7,11,7,4,4,27,37,64,7,0
2020-03-24,3,7,22,3,6,14,7,9,5,40,36,76,9,0
2020-03-25,0,7,34,23,12,7,9,3,5,53,47,100,6,0
2020-03-26,1,13,35,12,6,14,8,5,10,48,56,104,5,0
2020-03-27,2,8,24,5,4,14,8,14,12,40,51,91,8,0
2020-03-28,1,5,34,19,22,28,31,2,4,98,48,146,5,1
2020-03-29,2,7,35,15,14,19,8,3,2,63,42,105,8,0
2020-03-30,1,5,28,9,5,14,8,5,3,35,43,78,6,0
2020-03-31,0,3,25,10,16,37,18,11,5,71,54,125,4,0
2020-04-01,3,4,28,14,11,14,10,7,10,41,60,101,3,0
2020-04-02,3,3,22,16,11,15,12,5,2,34,55,89,4,0
2020-04-03,2,6,30,9,13,9,9,5,3,34,52,86,5,0
2020-04-04,1,2,27,14,8,10,17,10,5,39,55,94,3,0
2020-04-05,2,5,28,17,12,6,7,3,1,46,35,81,6,1
2020-04-06,2,7,15,3,5,2,5,5,3,21,26,47,3,0
2020-04-07,0,2,15,6,7,3,10,3,1,18,29,47,6,0
2020-04-08,0,4,13,9,5,7,8,3,4,25,28,53,8,0
2020-04-09,2,4,12,7,7,1,3,0,3,22,17,39,4,0
2020-04-10,1,1,7,5,2,4,4,2,1,15,12,27,4,0
2020-04-11,1,5,6,2,2,6,7,0,1,15,15,30,3,0
2020-04-12,0,3,12,5,2,4,3,3,0,14,18,32,3,0
2020-04-13,2,1,9,3,1,2,5,1,1,14,11,25,3,0
2020-04-14,0,3,7,4,4,3,3,2,1,13,14,27,5,0
2020-04-15,0,4,10,4,3,2,1,2,1,10,17,27,3,0
2020-04-16,3,3,5,1,2,3,2,1,2,6,16,22,4,0
2020-04-17,1,4,9,3,1,2,1,1,0,14,8,22,1,0
2020-04-18,2,0,9,1,1,2,1,1,1,7,11,18,2,0
2020-04-19,0,2,3,1,0,1,0,0,1,4,4,8,2,0
2020-04-20,0,3,5,2,0,3,0,0,0,5,8,13,2,0
2020-04-21,0,2,1,0,1,3,0,1,1,6,3,9,1,0
2020-04-22,0,1,3,1,4,0,1,1,0,6,5,11,1,0
2020-04-23,0,1,2,1,1,1,0,1,1,4,4,8,2,0
2020-04-24,0,1,1,1,0,1,1,0,1,5,1,6,0,0
2020-04-25,1,1,3,1,2,0,2,0,0,4,6,10,0,0
2020-04-26,1,0,3,5,1,0,0,0,0,6,4,10,2,0
2020-04-27,0,2,3,4,1,0,0,0,0,4,6,10,1,0
2020-04-28,0,2,5,2,1,2,1,1,0,7,7,14,1,0
2020-04-29,0,0,3,2,3,1,0,0,0,4,5,9,2,0
2020-04-30,0,0,1,2,1,0,0,0,0,4,0,4,1,0
2020-05-01,0,0,5,1,2,0,0,0,1,4,5,9,1,0
2020-05-02,0,0,3,1,1,0,1,0,0,6,0,6,2,0
2020-05-03,0,1,2,3,2,0,2,1,2,7,6,13,0,0
2020-05-04,0,0,2,1,3,0,2,0,0,6,2,8,2,0
2020-05-05,0,0,0,1,1,1,0,0,0,2,1,3,2,0
2020-05-06,0,0,0,1,0,0,1,0,0,2,0,2,1,0
2020-05-07,0,1,2,1,0,0,0,0,0,3,1,4,1,0
2020-05-08,1,0,1,7,2,0,1,0,0,7,5,12,0,0
2020-05-09,0,2,12,3,0,1,0,0,0,17,1,18,0,0
2020-05-10,0,3,19,3,4,2,2,1,0,24,10,34,0,0
2020-05-11,0,1,21,8,4,0,1,0,0,31,4,35,0,1
2020-05-12,1,4,10,6,2,3,0,0,1,20,7,27,2,0
2020-05-13,1,1,13,5,2,1,1,1,1,18,8,26,1,0
2020-05-14,0,11,14,3,1,0,0,0,0,17,12,29,1,0
2020-05-15,2,3,11,4,2,1,2,2,0,17,10,27,0,0
2020-05-16,2,2,7,3,1,1,3,0,0,11,8,19,2,0
2020-05-17,0,1,5,2,3,1,0,1,0,5,8,13,0,0
2020-05-18,0,1,3,4,5,1,1,0,0,11,4,15,1,0
2020-05-19,1,0,5,0,0,3,3,1,0,10,3,13,0,0
2020-05-20,0,7,12,4,6,1,1,1,0,23,9,32,0,0
2020-05-21,0,4,3,2,3,0,0,0,0,9,3,12,1,0
2020-05-22,1,2,8,4,2,2,0,1,0,15,5,20,0,0
2020-05-23,0,1,2,6,1,9,3,0,1,12,11,23,2,0
2020-05-24,0,2,4,4,7,4,3,1,0,15,10,25,0,0
2020-05-25,0,1,3,3,2,5,2,0,0,8,8,16,1,0
2020-05-26,1,1,3,4,3,4,1,2,0,13,6,19,2,0
2020-05-27,3,2,8,6,3,6,8,3,1,16,24,40,0,0
2020-05-28,2,4,15,26,14,12,6,0,0,48,31,79,0,0
2020-05-29,1,6,12,9,10,9,8,0,3,31,27,58,0,0
2020-05-30,1,5,9,2,4,10,4,1,3,21,18,39,0,0
2020-05-31,0,0,9,7,4,6,1,0,0,15,12,27,1,0
2020-06-01,1,2,2,4,6,13,5,2,0,12,23,35,1,0
2020-06-02,0,2,5,3,2,9,11,5,1,23,15,38,1,0
2020-06-03,1,2,5,6,5,9,15,6,0,23,26,49,1,0
2020-06-04,1,1,5,3,2,10,9,6,2,19,20,39,0,0
2020-06-05,1,1,5,2,4,6,10,7,3,21,18,39,0,1
2020-06-06,3,1,2,6,11,8,9,8,3,27,24,51,0,1
2020-06-07,1,6,3,6,8,11,12,8,2,30,27,57,0,0
2020-06-08,1,1,5,2,5,6,11,3,3,12,25,37,0,0
2020-06-09,0,0,3,2,4,10,9,5,5,18,20,38,1,0
2020-06-10,1,2,6,9,1,7,16,7,1,22,28,50,2,0
2020-06-11,1,3,6,10,4,10,5,5,1,28,17,45,0,0
2020-06-12,0,3,11,8,2,16,13,2,1,31,25,56,1,0
2020-06-13,0,2,9,1,3,9,8,6,10,19,29,48,0,0
2020-06-14,0,0,8,3,6,7,8,1,1,16,18,34,0,0
2020-06-15,2,0,5,5,11,6,4,3,1,20,17,37,0,0
2020-06-16,2,1,3,4,4,6,8,6,0,22,12,34,1,1
2020-06-17,2,1,8,14,2,7,3,5,1,18,25,43,1,0
2020-06-18,1,1,10,4,6,9,13,7,8,25,34,59,1,0
2020-06-19,0,2,8,9,3,12,11,3,1,25,24,49,0,0
2020-06-20,2,4,9,13,8,12,13,3,3,39,28,67,0,0
2020-06-21,0,1,5,10,5,8,10,6,3,25,23,48,0,0
2020-06-22,0,1,3,4,1,5,2,1,0,9,8,17,0,0
2020-06-23,3,0,5,9,9,8,7,4,1,35,11,46,1,1
2020-06-24,2,1,3,14,12,10,5,2,2,31,20,51,0,0
2020-06-25,1,2,1,9,2,6,5,2,0,16,12,28,1,0
2020-06-26,1,1,8,10,5,5,6,1,2,23,16,39,0,0
2020-06-27,1,2,14,10,6,5,7,4,2,28,23,51,0,0
2020-06-28,2,3,12,13,9,6,13,3,1,38,24,62,0,1
2020-06-29,3,1,9,5,6,5,12,1,0,20,22,42,0,0
2020-06-30,2,4,10,6,8,6,3,3,0,25,17,42,0,0
2020-07-01,0,2,4,12,2,17,6,7,1,29,22,51,0,0
2020-07-02,2,2,8,6,2,14,12,7,1,31,23,54,0,0
2020-07-03,1,10,10,10,6,7,10,4,3,31,30,61,0,0
2020-07-04,3,2,12,16,8,8,9,2,3,38,25,63,1,0
2020-07-05,3,3,8,9,11,7,14,6,0,31,30,61,0,1
2020-07-06,5,1,8,9,6,9,5,2,3,26,22,48,1,0
2020-07-07,1,2,11,7,7,7,7,2,0,22,22,44,1,0
2020-07-08,1,3,11,11,15,9,5,6,1,35,27,62,0,1
2020-07-09,2,4,11,7,11,10,3,1,1,28,22,50,2,0
2020-07-10,3,3,10,9,5,8,3,3,1,36,9,45,1,0
2020-07-11,1,0,8,6,2,8,2,4,4,22,13,35,0,0
2020-07-12,2,6,4,13,5,3,9,1,1,32,12,44,1,0
2020-07-13,3,4,18,15,9,4,5,3,1,39,23,62,0,1
2020-07-14,2,2,6,5,3,6,4,4,1,16,17,33,0,0
2020-07-15,1,1,4,8,9,9,7,0,0,33,6,39,0,0
2020-07-16,6,2,13,15,9,6,6,3,1,47,14,61,2,1
2020-07-17,3,1,9,14,14,8,6,3,2,35,25,60,2,1
2020-07-18,3,4,10,5,9,7,0,1,0,23,16,39,1,0
2020-07-19,3,2,4,9,3,4,6,2,1,21,13,34,1,0
2020-07-20,2,2,8,6,4,2,1,0,1,19,7,26,1,0
2020-07-21,1,1,12,8,3,5,3,8,4,25,20,45,0,0
2020-07-22,0,7,8,8,10,9,11,6,4,39,24,63,1,1
2020-07-23,0,4,19,3,8,12,9,4,0,38,21,59,0,0
2020-07-24,1,1,3,5,6,8,11,4,2,23,18,41,1,0
2020-07-25,1,1,13,38,34,14,8,2,2,96,17,113,0,2
2020-07-26,0,0,4,13,15,18,5,1,2,49,9,58,0,0
2020-07-27,1,1,5,8,3,0,2,4,1,13,12,25,1,0
2020-07-28,2,2,4,4,7,5,3,1,0,22,6,28,1,0
2020-07-29,0,1,6,16,11,5,4,5,0,32,16,48,0,1
2020-07-30,0,0,2,6,4,0,6,0,0,13,5,18,0,0
2020-07-31,1,0,5,13,8,4,3,1,1,24,12,36,1,0
2020-08-01,1,0,0,10,6,8,5,1,0,23,8,31,0,0
2020-08-02,2,0,5,7,8,4,2,1,1,21,9,30,0,0
2020-08-03,2,3,4,2,2,5,4,1,0,15,8,23,0,0
2020-08-04,4,5,6,5,6,4,2,0,2,23,11,34,0,0
2020-08-05,1,3,6,7,4,6,5,1,0,23,10,33,1,0
2020-08-06,0,4,13,3,3,8,9,3,0,34,9,43,0,0
2020-08-07,0,4,3,1,5,2,5,0,0,12,8,20,1,0
2020-08-08,1,1,7,4,4,10,13,3,0,23,20,43,1,0
2020-08-09,4,1,7,5,3,7,7,0,2,17,19,36,1,0
2020-08-10,0,0,4,3,3,4,13,1,0,14,14,28,0,0
2020-08-11,0,0,6,5,4,9,7,3,0,20,14,34,0,0
2020-08-12,1,7,4,11,12,12,2,3,2,34,20,54,0,0
2020-08-13,2,6,11,12,5,10,6,2,2,31,25,56,0,0
2020-08-14,4,10,14,17,16,19,15,6,2,51,52,103,0,0
2020-08-15,4,10,32,20,24,33,29,11,3,70,96,166,0,0
2020-08-16,3,23,39,28,35,58,56,31,6,102,177,279,0,0
2020-08-17,5,13,22,27,23,37,49,14,7,75,122,197,0,0
2020-08-18,5,18,17,27,27,62,66,22,2,90,156,246,1,0
2020-08-19,14,17,28,32,39,58,73,29,7,108,189,297,0,0
2020-08-20,12,35,31,35,32,55,47,30,11,134,154,288,1,0
2020-08-21,6,19,42,40,42,61,74,34,6,148,176,324,2,1
2020-08-22,11,19,55,40,48,66,56,34,3,145,187,332,0,1
2020-08-23,16,35,34,40,62,82,86,27,14,157,239,396,0,0
2020-08-24,9,13,30,35,39,48,52,24,16,118,148,266,0,1
2020-08-25,15,18,42,30,33,53,50,30,9,137,143,280,1,1
2020-08-26,13,13,37,47,42,60,57,34,17,145,175,320,2,1
2020-08-27,9,27,51,49,71,109,65,41,19,207,234,441,1,0
2020-08-28,16,18,32,49,52,71,65,48,20,175,196,371,3,2
2020-08-29,16,18,31,36,47,54,67,36,18,141,182,323,5,1
2020-08-30,10,12,44,39,38,55,72,21,8,154,145,299,2,1
2020-08-31,10,11,43,15,28,49,55,26,11,114,134,248,1,1
2020-09-01,14,17,25,24,24,46,45,30,10,114,121,235,0,1
2020-09-02,10,12,43,25,24,48,51,40,14,133,134,267,2,2
2020-09-03,7,7,22,21,29,36,34,22,17,87,108,195,3,1
2020-09-04,9,7,17,24,27,39,38,22,15,94,104,198,2,1
2020-09-05,3,6,14,19,19,38,42,18,9,82,86,168,2,0
2020-09-06,8,3,19,15,25,35,39,16,7,79,88,167,1,1
2020-09-07,3,5,13,17,16,22,21,20,2,66,53,119,2,1
2020-09-08,5,8,12,17,17,33,27,14,3,73,63,136,5,0
2020-09-09,6,8,8,16,15,29,46,22,6,76,80,156,3,1
2020-09-10,12,4,12,13,17,29,45,12,11,76,79,155,2,0
2020-09-11,3,3,22,19,22,34,40,16,17,77,99,176,4,0
2020-09-12,4,5,16,12,18,34,29,14,4,81,55,136,5,1
2020-09-13,4,3,24,14,11,19,30,12,4,63,58,121,3,1
2020-09-14,2,3,17,11,11,24,26,12,3,51,58,109,5,0
2020-09-15,6,8,8,10,18,18,25,11,2,48,58,106,4,1
2020-09-16,1,3,14,9,17,22,25,18,4,67,46,113,0,1
2020-09-17,5,8,25,11,20,36,27,17,4,74,79,153,5,0
2020-09-18,3,4,16,17,21,24,24,12,5,57,69,126,5,0
2020-09-19,1,5,6,7,9,35,26,15,6,45,65,110,1,0
2020-09-20,1,4,7,10,14,12,17,12,5,48,34,82,5,1
2020-09-21,1,4,18,10,6,13,9,9,0,36,34,70,2,0
2020-09-22,1,2,6,10,10,16,10,5,1,37,24,61,3,0
2020-09-23,4,4,9,10,14,23,19,22,5,59,51,110,0,1
2020-09-24,6,4,15,9,17,29,27,9,9,65,60,125,5,0
2020-09-25,5,3,12,14,15,19,22,14,10,54,60,114,2,1
2020-09-26,1,6,7,7,5,10,16,9,0,25,36,61,4,0
2020-09-27,0,4,14,16,12,19,20,7,3,42,53,95,2,0
2020-09-28,4,4,5,3,5,10,12,3,4,26,24,50,5,0
2020-09-29,2,2,8,7,7,5,4,0,3,27,11,38,1,0
2020-09-30,5,5,8,20,20,26,18,9,2,77,36,113,6,1
2020-10-01,6,4,7,9,14,13,13,7,4,42,35,77,2,1
2020-10-02,3,6,6,10,6,11,13,4,4,38,25,63,1,0
2020-10-03,1,1,6,13,11,11,16,13,3,47,28,75,4,1
2020-10-04,0,4,4,9,13,8,12,8,6,40,24,64,1,1
2020-10-05,0,3,17,9,8,12,14,6,4,47,26,73,1,1
2020-10-06,5,8,26,8,2,11,9,4,2,49,26,75,0,0
2020-10-07,1,2,8,13,10,28,31,16,5,53,61,114,3,0
2020-10-08,6,5,6,7,9,12,11,10,3,39,30,69,2,1
2020-10-09,1,11,8,7,6,5,10,4,2,28,26,54,1,0
2020-10-10,1,3,11,7,6,11,22,7,4,40,32,72,2,1
2020-10-11,4,0,11,14,8,6,6,6,3,34,24,58,2,1
2020-10-12,8,2,19,19,16,12,12,8,2,56,42,98,1,1
2020-10-13,5,7,18,15,17,10,11,7,1,53,38,91,1,1
2020-10-14,4,7,30,11,11,9,8,2,2,51,33,84,4,0
2020-10-15,5,3,16,11,11,8,14,11,31,32,78,110,1,0
2020-10-16,0,2,7,9,10,8,7,2,2,21,26,47,2,0
2020-10-17,2,2,6,15,5,20,17,2,4,26,47,73,2,0
2020-10-18,2,4,12,14,14,21,15,8,1,48,43,91,1,0
2020-10-19,2,3,13,7,15,13,7,7,9,36,40,76,0,0
2020-10-20,3,3,11,7,12,9,9,3,1,38,20,58,3,1
2020-10-21,1,4,12,10,18,15,14,5,10,47,42,89,3,1
2020-10-22,2,2,18,12,18,24,26,11,8,60,61,121,3,1
2020-10-23,2,11,10,18,21,26,26,13,28,73,82,155,2,0
2020-10-24,7,7,12,4,9,14,14,5,5,41,36,77,2,0
2020-10-25,5,7,10,8,11,9,6,1,4,26,35,61,0,0
2020-10-26,6,5,21,25,22,22,11,3,4,51,68,119,0,0
2020-10-27,2,7,12,9,14,23,13,4,4,41,47,88,3,0
2020-10-28,4,6,20,15,17,20,9,7,5,46,57,103,1,0
2020-10-29,11,8,13,23,14,18,24,10,4,68,57,125,1,1
2020-10-30,8,9,16,16,19,16,19,6,4,54,59,113,1,0
2020-10-31,7,5,21,22,18,26,8,10,10,63,64,127,1,0
2020-11-01,5,14,24,19,25,13,15,6,3,60,64,124,2,1
2020-11-02,7,9,9,13,19,10,18,8,4,48,49,97,2,1
2020-11-03,3,5,17,13,6,14,12,4,1,43,32,75,4,0
2020-11-04,2,3,18,25,11,20,23,10,5,60,57,117,2,0
2020-11-05,1,8,21,20,23,29,15,6,2,63,62,125,1,0
2020-11-06,9,7,24,24,26,28,13,9,5,74,71,145,1,0
2020-11-07,1,5,10,15,21,9,13,11,4,50,39,89,1,1
2020-11-08,3,4,9,26,22,22,24,24,9,76,67,143,1,2
2020-11-09,3,6,15,25,19,19,15,15,9,57,69,126,2,1
2020-11-10,3,9,21,13,11,14,15,9,5,56,44,100,5,1
2020-11-11,6,5,20,18,12,20,30,19,15,67,78,145,2,1
2020-11-12,6,13,26,23,22,25,15,9,4,77,66,143,0,0
2020-11-13,7,9,28,19,24,41,28,17,18,91,100,191,1,0
2020-11-14,12,14,36,32,29,36,32,7,7,105,100,205,4,0
2020-11-15,8,13,26,27,27,49,40,13,5,100,108,208,1,0
2020-11-16,5,12,37,27,29,40,53,15,4,117,105,222,1,1
2020-11-17,11,12,37,26,36,44,38,18,8,118,112,230,0,1
2020-11-18,4,16,44,38,51,51,40,20,21,158,127,285,2,2
2020-11-19,23,43,46,36,52,53,44,17,11,164,161,325,2,1
2020-11-20,11,35,63,48,53,55,43,28,12,177,171,348,3,1
2020-11-21,15,36,108,49,56,56,37,23,6,210,176,386,2,2
2020-11-22,17,20,65,47,64,56,32,18,11,173,157,330,2,1
2020-11-23,23,21,41,41,49,50,20,17,9,128,143,271,4,0
2020-11-24,16,17,66,53,60,62,43,25,7,190,159,349,1,2
2020-11-25,11,31,52,61,75,72,46,24,10,206,176,382,3,2
2020-11-26,21,57,125,81,93,95,72,28,9,294,287,581,2,1
2020-11-27,21,40,81,80,96,116,68,27,26,299,256,555,1,1
2020-11-28,13,38,74,77,95,78,82,30,16,262,241,503,6,3
2020-11-29,18,36,93,66,69,83,46,26,13,233,217,450,1,1
2020-11-30,16,54,60,54,58,87,59,24,26,213,225,438,3,0
2020-12-01,15,47,81,67,63,94,43,27,14,233,218,451,0,0
2020-12-02,19,43,85,89,79,98,57,23,18,262,249,511,0,0
2020-12-03,31,41,104,68,93,95,75,27,6,273,267,540,3,1
2020-12-04,25,46,101,80,89,119,93,43,32,287,341,628,7,0
2020-12-05,23,52,98,65,77,92,89,50,31,282,295,577,4,2
2020-12-06,22,30,72,90,73,123,111,68,42,339,292,631,5,2
2020-12-07,14,31,84,75,73,139,100,59,40,296,319,615,4,0
2020-12-08,20,35,72,71,81,111,89,55,53,271,316,587,3,1
2020-12-09,24,39,67,95,96,121,124,72,32,335,335,670,4,3
2020-12-10,37,53,80,111,92,110,114,53,30,351,329,680,8,2
2020-12-11,35,44,83,82,102,123,102,63,55,336,353,689,8,2
2020-12-12,52,86,97,113,143,174,148,69,68,436,514,950,6,0
2020-12-13,36,74,110,109,150,192,183,105,71,483,547,1030,2,3
2020-12-14,31,54,99,75,119,138,107,49,46,331,387,718,7,1
2020-12-15,40,54,100,112,125,151,133,79,86,415,465,880,13,2
2020-12-16,45,69,153,104,142,215,191,91,68,556,522,1078,12,3
2020-12-17,56,55,107,124,141,214,173,85,59,473,541,1014,22,0
2020-12-18,40,66,123,131,134,227,186,91,66,483,581,1064,11,0
2020-12-19,33,65,132,111,153,217,176,81,77,470,575,1045,14,0
2020-12-20,47,71,137,142,153,233,187,79,47,626,470,1096,15,3
2020-12-21,46,45,97,116,124,195,160,87,54,459,465,924,24,1
2020-12-22,31,56,104,104,124,179,131,86,51,421,445,866,24,2
2020-12-23,46,62,102,124,143,246,189,96,82,528,562,1090,17,0
2020-12-24,36,69,128,136,133,183,171,75,54,485,500,985,17,2
2020-12-25,47,66,158,169,197,239,214,86,64,771,469,1240,17,8
2020-12-26,47,80,128,148,178,209,171,89,81,565,566,1131,20,3
2020-12-27,36,61,111,131,159,191,179,61,41,472,498,970,15,2
2020-12-28,35,50,76,113,120,172,129,62,49,395,411,806,11,0
2020-12-29,41,52,145,147,172,190,184,75,38,618,426,1044,40,7
2020-12-30,39,57,116,112,163,198,204,92,69,522,528,1050,20,4
2020-12-31,49,67,93,132,134,186,174,67,65,505,462,967,21,2
2021-01-01,41,74,129,145,154,204,159,80,41,555,472,1027,17,3
2021-01-02,39,66,111,107,105,160,125,58,49,418,402,820,25,0
2021-01-03,32,46,81,77,89,125,117,52,38,301,356,657,20,0
2021-01-04,40,71,120,127,172,187,153,69,81,536,484,1020,19,3
2021-01-05,45,42,101,103,114,128,110,45,26,355,359,714,26,2
2021-01-06,45,60,107,106,110,139,147,73,51,407,431,838,20,3
2021-01-07,41,55,122,120,155,176,115,58,27,458,411,869,19,2
2021-01-08,34,43,92,86,84,125,124,49,37,319,355,674,35,0
2021-01-09,32,50,100,91,89,124,80,50,25,323,318,641,19,1
2021-01-10,36,56,86,78,92,142,84,49,34,337,320,657,25,0
2021-01-11,19,36,47,54,61,79,80,44,31,239,212,451,15,2
2021-01-12,32,34,71,59,91,102,74,39,35,267,270,537,25,1
2021-01-13,24,28,66,81,82,129,88,47,16,276,285,561,20,0
2021-01-14,25,45,61,68,85,99,73,39,29,272,252,524,10,1
2021-01-15,42,37,62,70,80,97,91,22,11,261,251,512,22,0
2021-01-16,31,60,54,74,79,106,108,42,26,279,301,580,19,1
2021-01-17,27,30,74,73,82,87,70,38,39,255,265,520,13,1
2021-01-18,17,31,48,53,66,75,49,30,20,196,193,389,15,1
2021-01-19,22,27,52,58,72,73,43,31,8,197,189,386,19,1
2021-01-20,27,27,56,47,58,76,61,31,21,202,202,404,17,1
2021-01-21,15,27,46,49,53,85,61,40,24,183,217,400,16,0
2021-01-22,18,21,53,44,52,65,63,17,13,168,178,346,12,0
2021-01-23,21,30,49,59,59,85,62,43,23,208,223,431,9,1
2021-01-24,18,18,68,50,60,79,61,21,17,198,194,392,12,0
2021-01-25,14,138,44,42,46,72,51,17,13,234,203,437,11,0
2021-01-26,15,30,64,43,50,59,55,14,19,156,193,349,11,0
2021-01-27,42,97,67,72,85,79,68,26,23,279,280,559,7,1
2021-01-28,33,47,64,58,80,88,69,33,25,274,223,497,8,2
2021-01-29,22,39,47,53,74,88,73,30,43,215,254,469,13,0
2021-01-30,27,48,47,50,67,76,73,35,33,224,232,456,15,1
2021-01-31,17,20,46,49,45,74,57,20,26,183,171,354,6,0
2021-02-01,20,30,36,44,39,54,45,18,19,147,158,305,5,0
2021-02-02,9,30,50,37,52,70,55,19,14,187,149,336,10,1
2021-02-03,22,41,75,64,92,70,62,29,12,251,216,467,6,3
2021-02-04,27,27,50,64,76,75,69,37,26,212,239,451,7,2
2021-02-05,30,28,30,60,43,65,75,25,14,185,185,370,11,0
2021-02-06,25,31,51,40,60,77,63,30,13,197,193,390,5,1
2021-02-07,21,26,51,47,44,79,66,26,11,214,157,371,7,1
2021-02-08,19,9,33,32,53,52,59,22,9,152,136,288,3,2
2021-02-09,15,26,34,40,52,59,38,28,11,158,145,303,8,1
2021-02-10,22,53,53,68,70,84,54,30,10,250,194,444,4,1
2021-02-11,27,28,72,60,65,97,91,40,24,244,260,504,10,1
2021-02-12,20,30,44,64,47,76,72,38,12,199,204,403,11,1
2021-02-13,21,24,56,48,49,54,56,34,20,187,175,362,7,2
2021-02-14,20,21,49,41,40,52,52,39,12,160,166,326,8,2
2021-02-15,19,29,42,49,47,53,51,32,21,166,177,343,5,1
2021-02-16,25,31,65,76,78,73,67,27,15,248,209,457,7,2
2021-02-17,32,38,93,123,88,100,96,36,15,305,316,621,4,1
2021-02-18,37,30,82,127,78,124,96,28,19,320,301,621,6,0
2021-02-19,35,38,91,84,79,93,72,33,36,267,294,561,6,0
2021-02-20,35,28,59,74,69,69,68,27,19,238,210,448,3,2
2021-02-21,23,31,63,66,44,65,65,37,22,202,214,416,4,1
2021-02-22,22,30,57,48,28,54,55,23,15,161,171,332,5,0
2021-02-23,20,22,57,58,47,63,55,18,16,191,165,356,11,0
2021-02-24,21,30,71,70,65,70,62,34,17,208,232,440,3,1
2021-02-25,23,31,62,68,67,68,46,19,11,200,195,395,5,1
2021-02-26,13,27,55,66,54,76,62,22,12,195,192,387,4,0
2021-02-27,22,31,68,71,62,71,53,25,12,210,205,415,10,1
2021-02-28,13,29,48,43,55,78,51,25,13,182,173,355,8,0
2021-03-01,31,30,43,58,45,65,54,16,13,184,171,355,2,0
2021-03-02,30,29,49,59,52,56,39,19,11,172,172,344,1,0
2021-03-03,47,42,57,69,81,64,51,21,12,259,185,444,6,2
2021-03-04,12,44,66,79,73,73,46,20,11,230,194,424,7,1
2021-03-05,12,25,61,59,73,75,54,25,14,212,186,398,8,2
2021-03-06,21,28,85,64,65,65,58,23,9,227,191,418,5,2
2021-03-07,18,31,77,65,53,66,53,37,16,218,198,416,2,2
2021-03-08,19,33,51,57,48,67,42,24,5,197,149,346,8,1
2021-03-09,28,23,55,68,83,73,76,31,9,229,217,446,3,3
2021-03-10,26,39,57,95,69,69,63,30,22,253,217,470,3,2
2021-03-11,28,43,53,78,75,66,81,27,14,233,232,465,4,2
2021-03-12,32,38,69,75,67,74,75,43,15,251,237,488,10,2
2021-03-13,19,27,49,73,75,105,85,35,22,234,256,490,5,0
2021-03-14,15,26,70,85,74,82,64,26,17,237,222,459,2,1
2021-03-15,19,24,57,65,53,81,55,19,6,213,166,379,6,0
2021-03-16,20,21,35,59,49,89,59,23,8,186,177,363,3,0
2021-03-17,18,30,68,71,85,89,73,29,6,242,227,469,8,2
2021-03-18,22,25,68,75,82,78,64,18,13,244,201,445,2,2
2021-03-19,26,30,46,74,75,88,80,28,16,230,233,463,2,1
2021-03-20,21,25,83,66,71,79,78,16,8,239,208,447,3,1
2021-03-21,21,22,71,69,72,71,84,35,11,246,210,456,3,3
2021-03-22,23,21,59,81,67,76,58,24,6,208,207,415,1,1
2021-03-23,24,26,51,45,53,49,52,38,8,156,190,346,7,2
2021-03-24,25,39,68,77,66,62,56,25,10,229,199,428,3,2
2021-03-25,21,32,70,73,68,87,53,18,8,226,204,430,2,0
2021-03-26,48,29,73,74,84,77,69,26,9,238,251,489,7,1
2021-03-27,28,48,62,75,78,86,81,37,10,245,260,505,5,1
2021-03-28,28,40,81,62,63,66,77,35,30,253,229,482,1,2
2021-03-29,13,32,53,44,67,81,59,24,9,198,184,382,4,1
2021-03-30,20,39,67,64,84,78,60,26,9,240,207,447,3,2
2021-03-31,34,38,68,73,101,81,65,27,19,239,267,506,2,2
2021-04-01,38,48,91,71,81,97,81,27,17,281,270,551,4,1
2021-04-02,22,36,91,91,85,94,69,47,22,294,263,557,2,2
2021-04-03,25,43,78,76,97,88,93,29,14,274,269,543,3,2
2021-04-04,21,40,81,87,80,95,102,28,9,246,297,543,4,0
2021-04-05,17,42,61,50,73,84,93,37,16,227,246,473,4,2
2021-04-06,29,38,57,52,82,108,66,35,10,231,246,477,4,0
2021-04-07,28,74,90,88,114,130,98,35,11,334,334,668,4,1
2021-04-08,35,73,94,116,110,125,87,48,12,342,358,700,2,1
2021-04-09,37,50,95,84,125,132,99,37,12,331,340,671,6,1
2021-04-10,34,70,88,76,126,116,96,41,30,336,341,677,1,2
2021-04-11,34,58,86,80,90,113,92,45,16,339,275,614,3,2
2021-04-12,28,41,71,79,94,126,95,32,21,300,287,587,2,0
2021-04-13,26,44,65,69,80,131,72,37,18,281,261,542,5,0
2021-04-14,32,50,111,112,114,148,107,31,26,379,352,731,7,0
2021-04-15,25,44,108,104,118,145,85,47,22,353,345,698,6,1
2021-04-16,35,52,87,88,110,140,105,40,16,323,350,673,2,0
2021-04-17,20,44,94,87,109,139,94,46,25,327,331,658,4,1
2021-04-18,30,53,103,93,109,102,113,47,21,344,327,671,3,4
2021-04-19,35,36,61,70,78,113,87,40,12,278,254,532,4,1
2021-04-20,21,62,59,72,111,101,76,34,13,295,254,549,1,3
2021-04-21,39,71,114,101,128,130,94,35,19,366,365,731,4,1
2021-04-22,29,58,96,102,132,154,107,39,18,386,349,735,2,1
2021-04-23,53,55,112,112,119,141,94,56,55,393,404,797,3,1
2021-04-24,32,76,155,104,112,143,99,45,19,405,380,785,1,1
2021-04-25,27,58,110,94,93,113,84,47,18,323,321,644,1,1
2021-04-26,24,31,91,56,77,94,81,29,16,253,246,499,4,1
2021-04-27,26,36,82,72,79,101,80,27,9,270,242,512,3,1
2021-04-28,31,45,106,110,120,137,133,68,19,376,393,769,1,3
2021-04-29,50,48,94,100,106,111,113,37,20,327,352,679,4,1
2021-04-30,30,44,104,100,109,103,96,40,35,353,308,661,3,3
2021-05-01,30,48,75,93,110,120,90,39,22,314,313,627,3,1
2021-05-02,23,44,74,99,91,126,89,34,26,310,296,606,2,0
2021-05-03,32,33,60,75,87,94,60,33,14,236,252,488,1,1
2021-05-04,26,47,82,92,83,92,75,23,21,273,268,541,6,0
2021-05-05,32,57,98,106,116,116,102,35,14,368,308,676,7,3
2021-05-06,34,38,86,82,104,112,71,33,14,295,279,574,4,1
2021-05-07,32,52,76,69,70,106,79,30,11,258,267,525,9,0
2021-05-08,29,58,113,111,112,125,104,34,15,339,362,701,5,1
2021-05-09,40,49,78,82,72,108,76,38,21,293,271,564,9,0
2021-05-10,16,53,71,64,72,69,75,35,8,236,227,463,1,2
2021-05-11,18,41,91,80,101,79,63,28,9,253,257,510,4,2
2021-05-12,38,39,90,88,113,120,87,44,15,325,309,634,5,2
2021-05-13,35,64,94,113,127,133,95,38,16,373,342,715,7,2
2021-05-14,32,60,101,112,133,119,118,41,31,367,380,747,2,3
2021-05-15,35,61,96,109,111,131,84,42,12,360,321,681,3,1
2021-05-16,46,43,90,82,94,115,83,42,15,312,298,610,4,1
2021-05-17,29,53,115,90,97,106,80,37,12,336,283,619,3,2
2021-05-18,31,50,90,83,81,86,75,25,7,283,245,528,1,1
2021-05-19,30,56,102,100,105,122,95,33,11,356,298,654,8,2
2021-05-20,31,71,102,103,124,96,75,33,11,308,338,646,4,2
2021-05-21,46,47,82,87,100,88,81,25,5,310,251,561,6,3
2021-05-22,27,48,131,112,113,101,85,37,12,345,321,666,4,3
2021-05-23,24,43,98,97,98,101,82,29,13,307,278,585,5,2
2021-05-24,34,39,73,93,92,95,75,25,4,286,244,530,3,1
2021-05-25,18,34,83,94,92,93,74,24,4,289,227,516,4,2
2021-05-26,44,49,104,119,127,128,91,29,14,357,348,705,2,1
2021-05-27,26,26,131,93,100,122,83,32,16,326,303,629,3,1
2021-05-28,12,50,117,90,115,87,77,24,15,319,268,587,3,3
2021-05-29,31,47,103,77,94,98,63,17,3,271,262,533,5,0
2021-05-30,16,43,90,74,71,89,68,23,6,249,231,480,6,0
2021-05-31,14,26,89,68,65,76,60,23,9,202,228,430,2,0
2021-06-01,25,65,69,71,68,79,59,18,5,270,189,459,4,1
2021-06-02,28,43,101,119,133,148,70,27,8,351,326,677,2,0
2021-06-03,30,57,115,111,121,130,78,30,9,337,344,681,3,0
2021-06-04,43,52,115,124,129,116,85,16,15,381,314,695,1,2
2021-06-05,40,60,125,116,119,137,103,33,11,395,349,744,2,1
2021-06-06,25,47,112,74,113,92,60,28,5,297,259,556,2,3
2021-06-07,25,31,90,81,84,83,68,17,6,267,218,485,1,2
2021-06-08,25,34,80,79,83,84,53,10,6,256,198,454,1,1
2021-06-09,33,34,99,99,144,110,56,23,4,324,278,602,2,3
2021-06-10,35,31,109,107,131,103,69,19,6,322,288,610,2,2
2021-06-11,25,42,113,99,95,102,58,13,9,301,255,556,2,0
2021-06-12,41,47,94,98,114,82,67,16,6,296,269,565,1,2
2021-06-13,24,31,69,69,75,82,72,23,7,245,207,452,3,1
2021-06-14,15,32,68,73,77,74,40,17,3,211,188,399,3,1
2021-06-15,22,24,59,65,73,81,32,11,6,192,181,373,4,0
2021-06-16,47,52,101,86,109,75,55,14,6,261,284,545,1,1
2021-06-17,26,37,91,94,93,100,74,22,3,281,259,540,1,1
2021-06-18,29,38,97,86,94,80,70,10,3,273,234,507,2,2
2021-06-19,31,44,88,65,84,91,57,21,1,248,234,482,1,0
2021-06-20,20,26,79,75,74,80,58,11,6,218,211,429,5,0
2021-06-21,21,39,50,48,74,70,39,13,3,179,178,357,2,0
2021-06-22,18,38,61,68,76,87,32,10,4,210,184,394,2,0
2021-06-23,39,67,121,97,119,121,58,17,6,356,289,645,1,1
2021-06-24,33,50,120,104,125,94,62,21,1,340,270,610,1,3
2021-06-25,61,65,127,99,104,101,55,14,8,372,262,634,1,1
2021-06-26,49,58,130,133,105,125,52,13,3,363,305,668,3,0
2021-06-27,52,45,133,102,119,94,59,7,3,334,280,614,1,1
2021-06-28,36,33,112,82,88,85,48,13,4,281,220,501,2,1
2021-06-29,27,66,139,115,96,94,40,13,5,320,275,595,2,0
2021-06-30,34,58,195,141,168,138,42,15,3,405,389,794,1,1
2021-07-01,35,78,170,156,138,114,51,14,5,434,327,761,3,2
2021-07-02,48,74,204,135,158,144,52,8,2,448,377,825,3,0
2021-07-03,48,99,211,138,143,100,46,9,0,413,381,794,1,1
2021-07-04,27,79,171,111,159,122,57,10,7,402,341,743,1,2
2021-07-05,43,72,159,129,133,129,33,4,9,360,351,711,2,0
2021-07-06,42,74,171,128,148,124,38,14,7,386,360,746,4,0
2021-07-07,33,121,335,214,226,194,62,20,6,629,582,1211,1,1
2021-07-08,57,119,352,227,219,214,62,21,4,697,578,1275,1,0
2021-07-09,66,133,323,238,235,222,77,15,7,695,621,1316,2,0
2021-07-10,53,147,320,230,257,244,79,27,21,704,674,1378,2,0
2021-07-11,58,128,323,243,234,240,69,24,5,748,576,1324,5,0
2021-07-12,65,108,275,169,188,220,50,18,7,579,521,1100,1,0
2021-07-13,87,105,293,209,207,174,57,15,3,620,530,1150,2,1
2021-07-14,78,179,427,306,278,243,74,21,7,890,723,1613,2,1
2021-07-15,104,154,388,303,292,238,89,19,12,869,730,1599,2,2
2021-07-16,80,135,379,300,268,242,109,14,8,829,706,1535,1,1
2021-07-17,76,137,376,217,244,262,103,24,10,775,674,1449,4,0
2021-07-18,88,146,351,238,247,256,92,29,6,793,660,1453,2,0
2021-07-19,121,132,288,198,203,204,75,21,9,668,583,1251,1,0
2021-07-20,96,130,271,208,243,217,84,21,8,660,618,1278,1,0
2021-07-21,123,212,403,292,321,287,103,30,10,950,831,1781,1,0
2021-07-22,119,177,503,303,330,286,87,27,9,1058,783,1841,3,4
2021-07-23,111,164,376,286,271,259,118,32,12,874,755,1629,3,1
2021-07-24,104,160,397,244,273,282,110,42,15,864,763,1627,2,0
2021-07-25,79,210,327,255,244,211,113,35,13,802,685,1487,5,2
2021-07-26,84,150,279,228,217,224,103,27,6,711,607,1318,4,0
2021-07-27,106,151,325,204,239,217,96,18,7,742,621,1363,2,1
2021-07-28,127,215,394,306,325,333,135,41,19,950,945,1895,4,0
2021-07-29,124,186,399,240,295,264,115,36,14,845,828,1673,2,0
2021-07-30,101,182,352,271,309,306,120,49,20,895,815,1710,4,0
2021-07-31,96,178,349,241,264,239,132,28,11,796,742,1538,6,1
2021-08-01,95,174,312,213,238,245,115,36,14,731,711,1442,3,0
2021-08-02,85,156,255,180,219,195,78,32,18,588,630,1218,1,0
2021-08-03,98,137,235,185,198,205,101,31,10,598,602,1200,5,0
2021-08-04,97,189,400,282,280,300,127,39,11,903,822,1725,2,0
2021-08-05,96,204,421,262,290,293,147,46,16,944,831,1775,3,1
2021-08-06,128,194,362,276,255,285,149,51,4,912,792,1704,4,0
2021-08-07,123,170,395,271,277,315,166,55,51,941,882,1823,3,0
2021-08-08,117,170,382,304,249,281,158,48,18,911,816,1727,5,0
2021-08-09,102,163,346,238,215,242,128,36,21,755,736,1491,4,0
2021-08-10,102,196,332,239,258,234,124,31,21,781,756,1537,9,0
2021-08-11,126,212,560,383,342,356,166,54,22,1103,1118,2221,1,0
2021-08-12,122,225,492,331,279,319,144,52,23,1064,923,1987,3,0
2021-08-13,121,212,468,320,299,305,178,48,38,1092,897,1989,6,2
2021-08-14,102,207,468,339,276,319,149,46,22,1060,868,1928,4,0
2021-08-15,117,206,433,276,276,309,135,37,27,968,848,1816,8,0
2021-08-16,102,182,364,259,221,230,120,44,32,836,718,1554,11,1
2021-08-17,102,132,319,240,226,220,86,38,9,711,661,1372,6,0
2021-08-18,117,200,429,283,296,269,160,27,22,1009,794,1803,5,3
2021-08-19,139,203,515,393,349,307,168,59,19,1220,932,2152,13,6
2021-08-20,155,184,454,359,337,321,151,61,28,1145,905,2050,6,4
2021-08-21,107,188,408,332,296,271,184,64,26,1041,835,1876,5,5
2021-08-22,102,153,375,298,264,244,132,42,16,851,775,1626,13,1
2021-08-23,81,144,320,234,264,221,110,32,11,781,636,1417,7,3
2021-08-24,116,145,347,271,261,202,114,40,11,824,683,1507,6,4
2021-08-25,140,224,511,357,355,294,190,61,22,1197,957,2154,9,7
2021-08-26,119,177,439,339,301,278,150,66,13,1083,799,1882,20,6
2021-08-27,126,173,427,336,289,269,159,40,18,1000,837,1837,8,2
2021-08-28,114,194,434,309,259,263,146,47,25,923,868,1791,11,0
2021-08-29,96,144,395,296,236,228,164,41,19,881,738,1619,3,3
2021-08-30,102,121,327,303,228,212,130,33,29,828,657,1485,5,3
2021-08-31,75,162,312,217,222,206,135,27,13,750,619,1369,1,2
2021-09-01,128,192,444,366,335,297,194,56,12,1116,908,2024,7,5
2021-09-02,154,176,472,363,304,271,156,45,18,1091,868,1959,11,4
2021-09-03,94,153,379,321,312,238,151,41,19,964,744,1708,5,7
2021-09-04,113,184,414,336,306,237,146,53,14,1035,768,1803,7,7
2021-09-05,114,154,322,264,264,179,132,45,16,799,691,1490,6,6
2021-09-06,107,147,275,244,243,206,108,32,13,760,615,1375,6,3
2021-09-07,111,173,348,275,299,226,123,31,11,908,689,1597,3,5
2021-09-08,110,219,455,399,380,273,147,47,18,1145,903,2048,4,7
2021-09-09,138,233,439,356,367,276,181,45,14,1122,927,2049,9,6
2021-09-10,111,195,427,349,318,253,148,49,42,1067,825,1892,5,6
2021-09-11,145,191,416,353,307,227,140,68,17,1020,844,1864,10,7
2021-09-12,129,219,369,352,290,178,141,46,31,978,777,1755,1,8
2021-09-13,106,135,295,271,257,177,134,36,22,821,612,1433,1,7
2021-09-14,104,148,348,284,253,195,103,38,22,866,629,1495,7,6
2021-09-15,121,209,435,461,374,235,147,60,36,1155,923,2078,13,10
2021-09-16,144,210,405,405,344,193,155,55,31,1057,885,1942,6,9
2021-09-17,144,214,447,369,345,227,186,60,16,1136,872,2008,3,10
2021-09-18,146,217,405,390,372,270,179,73,35,1154,933,2087,5,9
2021-09-19,124,173,402,327,366,240,183,68,26,1046,863,1909,10,10
2021-09-20,99,156,329,295,298,191,139,63,33,896,707,1603,5,9
2021-09-21,110,160,358,305,325,214,160,69,28,974,755,1729,4,10
2021-09-22,103,172,336,305,319,201,174,91,19,940,780,1720,6,12
2021-09-23,99,141,401,317,306,199,159,68,25,988,727,1715,8,11
2021-09-24,119,222,547,445,447,322,211,81,35,1387,1042,2429,7,13
2021-09-25,205,299,809,658,510,339,268,120,60,1853,1415,3268,7,17
2021-09-26,168,250,732,536,408,302,223,89,60,1591,1177,2768,9,13
2021-09-27,166,221,625,450,363,246,173,83,54,1320,1061,2381,6,11
2021-09-28,152,240,568,430,344,222,183,95,53,1304,983,2287,8,13
2021-09-29,145,286,747,556,442,307,219,123,56,1680,1201,2881,10,17
2021-09-30,165,275,611,486,359,282,220,93,70,1478,1083,2561,7,11
2021-10-01,160,289,590,442,363,278,216,87,58,1476,1007,2483,16,13
2021-10-02,166,242,518,398,374,220,191,101,37,1345,902,2247,7,17
2021-10-03,128,220,474,393,334,223,177,83,53,1232,853,2085,3,13
2021-10-04,112,187,384,275,275,189,158,57,33,1022,648,1670,6,11
2021-10-05,84,182,302,309,262,178,141,68,48,983,591,1574,11,12
2021-10-06,115,223,426,392,328,250,176,77,40,1252,775,2027,12,13
2021-10-07,192,266,448,434,389,281,259,105,51,1400,1025,2425,8,14
2021-10-08,168,228,444,382,302,254,240,94,59,1279,892,2171,10,11
2021-10-09,140,227,347,318,334,218,242,81,46,1130,823,1953,6,13
2021-10-10,131,162,324,302,237,187,147,70,34,945,649,1594,15,9
2021-10-11,90,161,242,224,211,151,122,64,32,743,554,1297,8,8
2021-10-12,104,188,239,251,223,140,121,43,37,802,544,1346,11,8
2021-10-13,120,198,289,272,256,176,159,77,36,905,678,1583,11,10
2021-10-14,155,246,292,335,281,203,228,128,71,1107,832,1939,13,13
2021-10-15,159,203,276,288,243,175,204,85,50,943,740,1683,8,9
2021-10-16,125,185,255,273,243,203,181,77,75,883,734,1617,18,6
2021-10-17,102,158,236,234,197,158,190,96,49,812,608,1420,16,10
2021-10-18,100,109,154,173,163,141,112,59,38,584,465,1049,8,5
2021-10-19,88,166,147,169,159,125,126,50,43,573,500,1073,21,4
2021-10-20,108,250,226,266,244,145,194,76,62,887,684,1571,9,10
2021-10-21,127,201,206,257,196,162,172,75,45,809,632,1441,11,6
2021-10-22,116,209,194,252,215,141,184,74,52,805,632,1437,16,9
2021-10-23,136,222,205,253,194,149,191,84,74,833,675,1508,20,7
2021-10-24,118,226,197,226,216,133,193,73,40,807,615,1422,21,10
2021-10-25,103,201,126,180,170,134,158,74,44,627,563,1190,7,5
2021-10-26,110,208,167,204,171,114,156,71,64,672,593,1265,15,6
2021-10-27,169,335,249,295,273,177,266,123,65,1093,859,1952,9,13
2021-10-28,220,325,244,311,276,224,279,132,99,1182,928,2110,11,11
2021-10-29,207,302,297,319,260,221,282,149,87,1142,982,2124,9,10
2021-10-30,195,271,214,295,275,246,322,170,116,1159,945,2104,13,13
2021-10-31,159,266,256,288,275,226,333,145,113,1177,884,2061,19,15
2021-11-01,153,226,159,237,198,193,269,127,122,855,829,1684,9,6
2021-11-02,149,243,163,194,203,166,252,120,99,804,785,1589,16,8
2021-11-03,230,432,250,390,290,315,430,179,151,1424,1243,2667,18,9
2021-11-04,235,321,253,355,290,297,397,201,133,1282,1200,2482,24,11
2021-11-05,207,334,211,326,298,264,360,203,139,1231,1111,2342,20,13
2021-11-06,210,294,243,321,285,232,357,189,115,1196,1050,2246,20,15
2021-11-07,201,268,216,294,268,263,393,175,146,1189,1035,2224,11,12
2021-11-08,153,240,169,221,234,199,314,133,95,904,854,1758,13,10
2021-11-09,201,244,145,224,179,226,277,132,87,886,829,1715,18,4
2021-11-10,175,313,249,309,295,302,457,219,106,1310,1115,2425,14,16
2021-11-11,231,325,250,339,304,268,440,224,138,1275,1244,2519,21,15
2021-11-12,214,294,211,307,285,278,411,220,148,1218,1150,2368,18,13
2021-11-13,180,211,209,307,249,309,492,232,135,1185,1139,2324,32,13
2021-11-14,199,247,209,257,273,333,476,262,162,1259,1159,2418,20,15
2021-11-15,185,223,137,203,255,268,389,203,142,968,1037,2005,12,10
2021-11-16,210,252,166,249,271,290,332,199,155,1034,1090,2124,22,8
2021-11-17,254,405,277,372,363,390,625,333,168,1652,1535,3187,21,21
2021-11-18,231,398,294,384,383,410,629,357,206,1682,1610,3292,29,22
2021-11-19,220,334,280,349,347,395,616,319,173,1562,1471,3033,28,20
2021-11-20,278,380,256,347,411,422,597,331,182,1592,1612,3204,29,19
2021-11-21,307,292,262,372,348,406,619,306,208,1575,1545,3120,30,16
2021-11-22,263,328,270,362,318,348,526,270,141,1421,1405,2826,24,15
2021-11-23,289,286,237,341,326,339,520,236,123,1380,1317,2697,30,14
2021-11-24,299,390,363,530,487,565,873,409,199,2092,2023,4115,34,24
2021-11-25,293,407,350,504,470,538,831,353,191,2044,1893,3937,39,22
2021-11-26,318,391,373,458,466,542,767,364,216,1983,1912,3895,39,20
2021-11-27,340,441,375,449,510,538,809,406,199,2042,2025,4067,52,24
2021-11-28,348,393,336,451,417,461,778,438,303,1944,1981,3925,56,25
2021-11-29,335,307,286,370,359,417,663,366,204,1678,1629,3307,32,21
2021-11-30,307,309,252,394,351,369,620,258,172,1530,1502,3032,44,15
2021-12-01,416,522,467,604,584,722,980,524,303,2580,2542,5122,34,26
2021-12-02,425,553,520,625,600,677,1035,536,292,2689,2574,5263,47,32
2021-12-03,452,548,449,561,587,651,957,501,238,2458,2486,4944,34,27
2021-12-04,502,588,453,645,623,673,1061,535,272,2672,2680,5352,70,30
2021-12-05,483,556,444,582,580,655,1055,515,255,2538,2587,5125,43,28
2021-12-06,485,482,359,446,483,524,883,408,254,2125,2199,4324,41,22
2021-12-07,548,549,430,597,632,647,940,418,191,2599,2353,4952,64,27
2021-12-08,664,728,600,858,940,935,1505,665,278,3617,3556,7173,63,44
2021-12-09,683,728,682,884,899,906,1404,635,281,3552,3550,7102,57,39
2021-12-10,725,758,632,811,888,916,1403,615,272,3369,3651,7020,53,31
2021-12-11,730,708,604,850,861,929,1426,585,279,3439,3533,6972,80,31
2021-12-12,628,661,591,802,846,903,1375,596,281,3288,3395,6683,42,33
2021-12-13,614,546,513,674,782,794,1187,498,208,2982,2834,5816,40,33
2021-12-14,647,585,532,637,747,756,1035,425,201,2841,2724,5565,94,25
2021-12-15,852,744,762,984,1030,1091,1495,611,279,4018,3830,7848,70,36
2021-12-16,785,738,770,990,1045,1054,1505,527,205,3815,3804,7619,62,31
2021-12-17,889,703,764,947,1003,1003,1350,578,197,3674,3760,7434,73,31
2021-12-18,893,721,772,900,992,924,1400,525,183,3663,3647,7310,53,34
2021-12-19,785,631,647,783,855,840,1102,421,169,3185,3048,6233,78,24
2021-12-20,732,547,525,694,711,700,929,330,148,2685,2631,5316,54,17
2021-12-21,699,567,495,685,756,716,873,290,113,2612,2582,5194,52,14
2021-12-22,878,804,788,1044,1033,1006,1265,438,198,3741,3713,7454,78,22
2021-12-23,828,752,709,941,993,924,1161,403,203,3492,3422,6914,109,22
2021-12-24,761,721,679,856,898,800,1012,349,157,3111,3122,6233,56,19
2021-12-25,760,660,674,765,812,826,883,322,137,2924,2915,5839,105,11
2021-12-26,717,623,561,732,772,732,847,278,153,2758,2657,5415,69,13
2021-12-27,640,485,452,597,619,546,586,193,86,2165,2039,4204,55,9
2021-12-28,589,461,423,553,591,480,526,159,82,1908,1956,3864,46,7
2021-12-29,615,646,648,807,802,718,755,263,153,2655,2752,5407,36,9
2021-12-30,681,560,662,710,738,684,654,234,111,2503,2531,5034,73,7
2021-12-31,687,613,584,698,725,625,623,209,108,2475,2397,4872,108,9
2022-01-01,678,472,505,648,664,593,563,186,105,2161,2253,4414,62,4
2022-01-02,520,465,480,581,595,497,458,156,78,1899,1931,3830,69,5
2022-01-03,488,388,388,475,492,362,347,123,61,1591,1533,3124,36,7
2022-01-04,416,356,422,475,458,393,339,98,65,1562,1460,3022,51,4
2022-01-05,522,554,578,754,756,560,439,169,109,2240,2201,4441,57,9
2022-01-06,555,505,613,632,686,506,407,130,89,2089,2034,4123,49,7
2022-01-07,443,454,571,610,604,481,352,111,85,1884,1827,3711,45,4
2022-01-08,408,408,569,554,524,493,366,132,49,1783,1720,3503,54,3
2022-01-09,423,455,528,527,522,416,323,110,66,1712,1658,3370,51,4
2022-01-10,396,404,478,457,474,370,262,94,70,1572,1433,3005,34,4
2022-01-11,425,460,502,483,513,330,256,83,42,1573,1521,3094,43,6
2022-01-12,452,553,851,765,760,496,294,126,86,2413,1970,4383,52,16
2022-01-13,476,563,759,707,699,478,291,101,88,2190,1972,4162,44,8
2022-01-14,454,666,1071,769,699,394,290,102,93,2461,2077,4538,49,15
2022-01-15,510,633,951,743,629,455,289,113,96,2360,2059,4419,22,7
2022-01-16,557,606,819,638,636,468,260,108,97,2149,2040,4189,29,3
2022-01-17,583,582,645,574,600,439,224,85,124,1935,1921,3856,23,0
2022-01-18,574,656,749,627,612,455,244,95,58,2091,1979,4070,45,1
2022-01-19,754,938,1113,925,984,585,307,106,92,2958,2846,5804,74,7
2022-01-20,735,1106,1433,991,1035,670,345,149,136,3368,3232,6600,28,7
2022-01-21,704,1170,1532,1097,1023,652,343,150,95,3506,3260,6766,21,9
2022-01-22,765,1248,1559,1085,1051,700,362,125,109,3489,3515,7004,28,0
2022-01-23,909,1365,1590,1131,1131,750,432,135,182,3849,3776,7625,11,2
2022-01-24,954,1326,1462,1109,1211,805,392,147,105,3783,3728,7511,25,2
2022-01-25,1168,1571,1708,1334,1358,821,383,135,92,4248,4322,8570,23,0
2022-01-26,1516,2422,2733,2046,2094,1199,607,211,177,6574,6431,13005,32,12
2022-01-27,1653,2809,3283,2081,2227,1335,653,241,232,7184,7330,14514,34,4
2022-01-28,1679,2938,3859,2326,2489,1511,787,281,221,7827,8264,16091,24,5
2022-01-29,1916,3229,4022,2568,2660,1734,844,299,237,8633,8876,17509,34,0
2022-01-30,1931,3233,3824,2614,2703,1737,929,335,216,8794,8728,17522,20,9
2022-01-31,1998,3254,3517,2571,2663,1670,889,309,204,8445,8630,17075,23,3
2022-02-01,2314,3472,3729,2592,2919,1848,945,305,210,9203,9131,18334,17,5
2022-02-02,2415,3675,4052,2947,3316,2137,1069,394,263,10037,10231,20268,15,6
2022-02-03,2704,3911,4701,3512,3837,2406,1181,393,260,11073,11832,22905,25,1
2022-02-04,2887,4371,5919,4158,4611,2972,1558,579,380,13399,14036,27435,24,18
2022-02-05,3750,5431,7766,5515,5791,3853,2541,1036,653,17338,18998,36336,22,30
2022-02-06,4007,5875,7872,5678,6162,4317,2814,1285,677,18444,20243,38687,15,32
2022-02-07,3540,5235,7246,5200,5640,4103,2478,1128,710,17016,18264,35280,13,24
2022-02-08,3766,5479,7634,5340,5885,4347,2544,1049,669,17852,18861,36713,36,18
2022-02-09,4948,7509,10706,7275,7574,5602,3429,1458,1044,24165,25380,49545,21,26
2022-02-10,5703,8546,11855,7902,8089,6015,3462,1548,997,26308,27809,54117,20,10
2022-02-11,5632,8374,11803,8177,8114,5722,3587,1392,1115,26507,27409,53916,49,30
2022-02-12,6028,8887,11682,8020,8185,5805,3752,1472,1105,26826,28110,54936,33,22
2022-02-13,6592,9263,11437,7965,8438,5871,3886,1641,1317,27538,28872,56410,36,32
2022-02-14,6896,9189,10109,7773,8528,5918,3706,1456,986,26600,27961,54561,21,16
2022-02-15,8052,9502,9953,8507,8993,6184,3706,1326,943,28145,29021,57166,61,3
2022-02-16,12582,14165,15555,13564,14528,9760,6204,2418,1662,44217,46221,90438,39,46
2022-02-17,13190,14796,15720,14165,15197,9883,6138,2334,1702,44594,48531,93125,36,15
2022-02-18,14126,16631,19332,17407,18256,11792,7617,2769,1884,52871,56943,109814,45,64
2022-02-19,13017,15425,17790,15461,16460,11308,7769,2896,2074,48891,53309,102200,71,42
2022-02-20,14399,15557,17319,15431,16615,11740,8372,3233,2157,50125,54698,104823,51,39
2022-02-21,13543,13794,14677,14042,15608,11221,7795,2899,1776,45679,49676,95355,45,29
2022-02-22,15340,14038,14952,15603,16713,11095,7322,2661,1838,48287,51275,99562,58,51
2022-02-23,24779,21980,26968,27270,28650,19727,13629,5109,3337,82737,88712,171449,99,124
2022-02-24,24425,22988,26028,27119,28040,18999,13591,5235,3579,80967,89037,170004,82,99
2022-02-25,21736,22041,26529,26664,27584,18509,13924,5285,3613,78746,87139,165885,94,150
2022-02-26,20951,21319,26589,25741,27097,19889,14841,5914,3854,78404,87791,166195,112,107
2022-02-27,21284,20557,25632,24905,25933,19804,15260,6281,3902,77605,85953,163558,49,113
2022-02-28,19110,17802,20804,21063,23054,16783,12900,4972,3135,66558,73065,139623,114,118
2022-03-01,19801,17719,20771,22030,22730,16257,12120,4537,3018,67706,71277,138983,112,128
2022-03-02,26787,27961,34287,34422,35741,27019,19900,8032,5071,104529,114691,219220,96,160
2022-03-03,26414,26132,29791,31578,32917,22752,17522,6807,4884,94814,103983,198797,128,194
2022-03-04,32160,34416,43642,42779,42524,31385,23930,9819,6187,126190,140652,266842,186,197
2022-03-05,30725,37556,40021,37683,39470,29472,23521,9652,6218,118256,136062,254318,216,93
2022-03-06,26554,32829,39233,35459,37154,29927,24741,10693,7025,113331,130284,243615,161,156
2022-03-07,24569,29362,32283,29741,32466,26399,21418,9048,5413,98781,111918,210699,139,115
2022-03-08,27949,30898,30751,29362,31487,23531,17574,6862,4289,98089,104614,202703,186,88
2022-03-09,44591,51186,51891,48874,51070,40873,31472,13912,8560,163319,179110,342429,158,118
2022-03-10,42433,46125,47893,48081,49315,38226,31716,14303,9434,152863,174663,327526,206,177
2022-03-11,35615,39960,43198,43566,45025,32744,25550,10625,6688,132862,150109,282971,229,175
2022-03-12,45429,54058,61539,56026,57292,45640,36590,16679,10394,180041,203606,383647,269,215
2022-03-13,43578,47939,52696,49049,51385,41620,36824,16930,10140,165497,184664,350161,251,366
2022-03-14,37374,42565,44618,44404,47571,38004,32504,14415,8317,145797,163975,309772,200,300
2022-03-15,50223,51361,53118,54150,56922,42310,32939,13839,7406,173199,189069,362268,293,259
2022-03-16,52605,56644,57829,57476,59590,48508,40118,17963,9832,190368,210197,400565,164,263
2022-03-17,77057,80319,89386,91748,93424,75504,64216,30511,19010,288766,332409,621175,429,508
2022-03-18,49684,52785,57527,59728,61741,50289,42862,20504,11741,189076,217785,406861,301,370
2022-03-19,48664,50588,51849,53056,55923,47324,42041,20124,11820,177114,204275,381389,319,309
2022-03-20,44270,43388,41943,45608,49152,42392,38303,18926,10634,155175,179441,334616,327,318
2022-03-21,31352,27664,25811,31111,32308,24546,21344,9473,5513,99104,110018,209122,329,204
2022-03-22,55476,50878,42726,53108,55512,40786,32691,14971,7741,166819,187070,353889,384,207
2022-03-23,67388,67093,60549,71693,74472,58787,49729,24730,16332,226967,263806,490773,291,335
2022-03-24,49848,51716,51678,60614,63303,47195,40013,19332,11821,181698,213822,395520,469,424
2022-03-25,40729,44110,44839,50890,53590,41590,35607,17481,10628,156639,182825,339464,393,399
2022-03-26,41743,45009,42728,46878,50531,41751,36913,18296,11679,155701,179827,335528,323,350
2022-03-27,39804,40525,38134,43595,48447,41226,37039,18362,10936,146920,171148,318068,282,365
2022-03-28,27429,25054,22559,27718,29507,21833,19115,8912,5051,89513,97665,187178,287,277
2022-03-29,49347,49988,43014,51911,55325,41480,31991,16091,8330,164213,183264,347477,237,312
2022-03-30,52702,56476,52467,62291,65487,52365,44119,23090,15573,196804,227766,424570,432,459
2022-03-31,37132,40515,42047,48733,51862,39685,33636,17016,10065,146763,173928,320691,375,425
2022-04-01,31556,35643,37143,41234,44524,35211,30409,15457,9062,128507,151732,280239,360,383
2022-04-02,29233,32640,34367,36579,40644,34626,30464,15649,9943,121338,142807,264145,339,343
2022-04-03,27090,27979,28359,32200,36463,31302,28016,14371,8480,107599,126661,234260,306,338
2022-04-04,17967,15796,15820,19379,20171,14912,13086,6371,3660,60347,66815,127162,218,212
2022-04-05,34384,35461,34004,39804,42734,33398,26064,13154,7097,123864,142236,266100,209,240
2022-04-06,31420,35989,38413,41544,43599,36705,30807,16432,11353,131728,154534,286262,371,311
2022-04-07,22954,26774,31970,34221,35453,29182,23972,12667,7593,103142,121644,224786,348,289
2022-04-08,21192,24768,28126,29738,32493,26849,22907,12103,7136,94021,111291,205312,373,306
2022-04-09,19653,22082,24467,25210,27641,24502,22372,12001,7606,85121,100413,185534,338,285
2022-04-10,17467,18725,20586,22344,25063,22737,20303,10852,6378,75099,89356,164455,329,240
2022-04-11,12180,10720,11817,13711,14357,11132,9330,4749,2918,43153,47761,90914,258,145
2022-04-12,23251,26401,28623,31826,33518,28131,21665,11376,5934,98396,112329,210725,171,226
2022-04-13,19583,22957,27271,28696,29332,25642,21546,11748,8616,90051,105340,195391,184,235
2022-04-14,14512,16813,21295,22370,22926,19639,16630,8848,5391,67770,80654,148424,318,196
2022-04-15,12134,13894,17582,18241,19369,17209,14870,7885,4640,57349,68475,125824,264,175
2022-04-16,10489,11187,14366,14762,16119,15096,13637,7543,4696,48863,59032,107895,273,170
2022-04-17,9730,9168,11190,12761,13960,13039,12155,6681,4292,41712,51264,92976,203,147
2022-04-18,6737,5292,6121,7560,7536,5735,4782,2401,1566,22315,25415,47730,132,60
2022-04-19,13040,13607,15416,17508,18776,16209,12935,7264,3721,55025,63451,118476,130,173
2022-04-20,11051,11787,15356,16215,16622,14973,13109,7438,4744,51303,59992,111295,166,190
2022-04-21,8616,9294,13050,13699,13931,12319,10646,5875,3421,41253,49598,90851,147,141
2022-04-22,7665,8109,11295,11833,12270,11327,9922,5498,3124,36597,44446,81043,206,120
2022-04-23,7295,7332,10107,10417,10889,10554,9921,5407,3507,34426,41003,75429,151,129
2022-04-24,6202,6021,8358,9066,9699,9333,8577,4711,2737,29327,35377,64704,109,114
2022-04-25,4405,3611,4641,5542,5335,4215,3585,1843,1184,16192,18169,34361,110,54
2022-04-26,8257,8317,11043,12224,12703,11125,8961,5004,2715,36923,43426,80349,82,116
2022-04-27,7066,7162,10967,11328,11363,10628,9407,5268,3586,35133,41642,76775,141,129
2022-04-28,5183,5416,8776,8730,8825,7788,6817,3708,2217,26162,31298,57460,122,101
2022-04-29,4525,4751,7676,7359,7495,7158,6199,3438,1967,23235,27333,50568,136,83
2022-04-30,3738,4123,6243,5959,6150,6204,5713,3238,1918,19746,23540,43286,70,77
2022-05-01,3528,3754,5242,5152,5505,5264,5026,2805,1495,17296,20475,37771,81,81
